Portfolio,Symbol,Name,Shares,Buy Price,Current Price,Day Change,Cost Basis,Market Value,Unrealized P/L ($),Unrealized P/L (%),Dividend Yield (%),Annual Div/Share ($),Est Annual Div ($),Currency,Last Updated,Sector
USD HSBC,ALB,Albemarle Corp,30.0000,86.39,104.51,-0.09 (-0.09%),2591.70,3135.30,+543.60,+20.97%,1.57%,1.6400,49.20,USD,2026-10-05 13:02:55,
USD HSBC,AMD,Advanced Micro Devices Inc,7.0000,154.72,630.96,-2.95 (-0.47%),1083.04,4416.72,+3333.68,+307.81%,0.00%,0.0000,0.00,USD,2026-10-05 13:02:55,
USD HSBC,CRWV,CoreWeave Inc,20.0000,98.00,87.67,-1.95 (-2.18%),1960.00,1753.40,-206.60,-10.54%,0.00%,0.0000,0.00,USD,2026-10-05 13:02:55,
USD HSBC,GOOGL,Alphabet Inc Class A,30.0000,285.88,345.35,+1.85 (+0.54%),8576.40,10360.50,+1784.10,+20.80%,0.25%,0.8800,26.40,USD,2026-10-05 13:02:55,
USD HSBC,NOK,Nokia Oyj,229.0000,12.38,10.20,-0.40 (-3.77%),2835.02,2335.80,-499.22,-17.61%,1.60%,0.1600,36.64,USD,2026-10-05 13:02:55,
USD HSBC,NVDA,NVIDIA Corp,114.0000,191.07,237.09,+3.14 (+1.34%),21781.98,27028.26,+5246.28,+24.09%,0.42%,1.0000,114.00,USD,2026-10-05 13:02:55,
USD HSBC,QCOM,Qualcomm Inc,20.0000,214.00,181.88,-2.99 (-1.62%),4280.00,3637.60,-642.40,-15.01%,2.02%,3.6800,73.60,USD,2026-10-05 13:02:55,
USD HSBC,RKLB,Rocket Lab Corp,24.0000,116.93,72.47,-1.45 (-1.96%),2806.32,1739.28,-1067.04,-38.02%,0.00%,0.0000,0.00,USD,2026-10-05 13:02:55,
USD HSBC,SPCX,Space Exploration Technologies Corp,45.0000,157.73,167.80,+8.84 (+5.56%),7097.85,7551.00,+453.15,+6.38%,0.00%,0.0000,0.00,USD,2026-10-05 13:02:55,
USD HSBC,TSLA,Tesla Inc,5.0000,340.32,378.35,+7.76 (+2.09%),1701.60,1891.75,+190.15,+11.17%,0.00%,0.0000,0.00,USD,2026-10-05 13:02:55,
USD HSBC,VOO,Vanguard S&P 500 ETF,105.0000,663.81,711.50,+3.96 (+0.56%),69700.05,74707.50,+5007.45,+7.18%,1.04%,7.4280,779.94,USD,2026-10-05 13:02:55,
CAD TSFA,VGRO:TSE,Vanguard Growth ETF Portfolio,393.0000,44.96,48.03,+0.14 (+0.29%),17669.28,18875.79,+1206.51,+6.83%,1.74%,0.8360,328.55,CAD,2026-10-05 13:02:55,
CAD RRSP,VFV:TSE,Vanguard S&P 500 Index ETF,248.0000,180.83,196.40,+1.32 (+0.68%),44845.84,48707.20,+3861.36,+8.61%,0.82%,1.6200,401.76,CAD,2026-10-05 13:02:55,
CAD RRSP,XEF:TSE,iShares Core MSCI EAFE IMI Index ETF,115.0000,49.76,52.01,-0.05 (-0.10%),5722.40,5981.15,+258.75,+4.52%,2.32%,1.2050,138.58,CAD,2026-10-05 13:02:55,
CAD RRSP,ZAG:TSE,BMO Aggregate Bond Index Series Units ETF,430.0000,13.82,13.33,-0.01 (-0.07%),5942.60,5731.90,-210.70,-3.55%,3.20%,0.4270,183.61,CAD,2026-10-05 13:02:55,
USD RRSP,DRAM,Roundhill Memory ETF,10.0000,48.68,61.89,+0.11 (+0.18%),486.80,618.90,+132.10,+27.14%,0.00%,0.0000,0.00,USD,2026-10-05 13:02:55,
USD RRSP,VOO,Vanguard S&P 500 ETF,21.0000,632.62,711.50,+3.96 (+0.56%),13285.02,14941.50,+1656.48,+12.47%,1.04%,7.4280,155.99,USD,2026-10-05 13:02:55,
USD TSFA,VOO,Vanguard S&P 500 ETF,20.0000,700.24,711.50,+3.96 (+0.56%),14004.80,14230.00,+225.20,+1.61%,1.04%,7.4280,148.56,USD,2026-10-05 13:02:55,
CAD CIBC Investment,VGRO:TSE,Vanguard Growth ETF Portfolio,272.0000,47.89,48.03,+0.14 (+0.29%),13026.08,13064.16,+38.08,+0.29%,1.74%,0.8360,227.39,CAD,2026-10-05 13:02:55,
