Symbol,Name,Target Price,Currency,Notes,Added Date
NVDA,Nvidia Corp,110.00,USD,,2026-09-25
MSFT,Microsoft,400.00,USD,,2026-09-25
0005,HSBC Holdings plc,0.00,HKD,,2026-09-29
1137,Hong Kong Technology Venture Co Ltd,0.00,HKD,,2026-09-29
AAPL,AAPL,0.00,USD,,2026-09-29
ALAB,ALAB,0.00,USD,,2026-09-29
AMAT,AMAT,0.00,USD,,2026-09-29
AMD,AMD,0.00,USD,,2026-09-29
APH,APH,0.00,USD,,2026-09-29
ASML,ASML,0.00,USD,,2026-09-29
AVGO,AVGO,0.00,USD,,2026-09-29
BA,BA,0.00,USD,,2026-09-29
CRDO,CRDO,0.00,USD,,2026-09-29
CRWV,CRWV,0.00,USD,,2026-09-29
GOOGL,GOOGL,0.00,USD,,2026-09-29
INTC,INTC,0.00,USD,,2026-09-29
KLAC,KLAC,0.00,USD,,2026-09-29
LMT,LMT,0.00,USD,,2026-09-29
META,META,0.00,USD,,2026-09-29
MP,MP,0.00,USD,,2026-09-29
MRVL,MRVL,0.00,USD,,2026-09-29
MU,MU,0.00,USD,,2026-09-29
NET,NET,0.00,USD,,2026-09-29
NFLX,NFLX,0.00,USD,,2026-09-29
NOK,NOK,0.00,USD,,2026-09-29
NRG,NRG,0.00,USD,,2026-09-29
ORCL,ORCL,0.00,USD,,2026-09-29
QCOM,QCOM,0.00,USD,,2026-09-29
RKLB,RKLB,0.00,USD,,2026-09-29
TSLA,TSLA,0.00,USD,,2026-09-29
VRSN,VRSN,0.00,USD,,2026-09-29
VRT,VRT,0.00,USD,,2026-09-29
